,Year,Month,Temperature
0,1914,Jan,7.2
1,1915,Jan,5.6
2,1916,Jan,1.2
3,1917,Jan,3.8
4,1918,Jan,3.7
5,1919,Jan,4.4
6,1920,Jan,3.9
7,1921,Jan,3.8
8,1922,Jan,4.1
9,1923,Jan,0.1
10,1924,Jan,0.4
11,1925,Jan,2.0
12,1926,Jan,6.0
13,1927,Jan,4.1
14,1928,Jan,4.3
15,1929,Jan,4.9
16,1930,Jan,4.1
17,1931,Jan,5.4
18,1932,Jan,2.2
19,1933,Jan,
20,1934,Jan,
21,1935,Jan,4.7
22,1936,Jan,6.2
23,1937,Jan,4.4
24,1938,Jan,4.9
25,1939,Jan,6.7
26,1940,Jan,5.4
27,1941,Jan,5.8
28,1942,Jan,5.7
29,1943,Jan,4.9
30,1944,Jan,6.2
31,1945,Jan,6.4
32,1946,Jan,5.6
33,1947,Jan,4.4
34,1948,Jan,5.5
35,1949,Jan,3.7
36,1950,Jan,-0.6
37,1951,Jan,3.1
38,1952,Jan,3.4
39,1953,Jan,4.8
40,1954,Jan,4.2
41,1955,Jan,5.6
42,1956,Jan,4.3
43,1957,Jan,3.7
44,1958,Jan,6.2
45,1959,Jan,2.8
46,1960,Jan,5.3
47,1961,Jan,5.5
48,1962,Jan,4.2
49,1963,Jan,4.2
50,1964,Jan,5.2
51,1965,Jan,4.4
52,1966,Jan,4.9
53,1967,Jan,5.4
54,1968,Jan,5.3
55,1969,Jan,3.3
56,1970,Jan,5.6
57,1971,Jan,0.9
58,1972,Jan,4.4
59,1973,Jan,4.7
60,1974,Jan,3.3
61,1975,Jan,2.9
62,1976,Jan,5.0
63,1977,Jan,5.5
64,1978,Jan,3.0
65,1979,Jan,5.9
66,1980,Jan,4.0
67,1981,Jan,6.1
68,1982,Jan,4.6
69,1983,Jan,6.7
70,1984,Jan,
71,1985,Jan,
72,1986,Jan,
73,1987,Jan,5.3
74,1988,Jan,6.3
75,1989,Jan,5.2
76,1990,Jan,6.0
77,1991,Jan,3.0
78,1992,Jan,5.2
79,1993,Jan,5.7
80,1994,Jan,6.2
81,1995,Jan,4.5
82,1996,Jan,0.5
83,1997,Jan,4.2
84,1998,Jan,4.3
85,1999,Jan,4.9
86,2000,Jan,5.4
87,2001,Jan,5.5
88,2002,Jan,4.8
89,2003,Jan,5.7
90,2004,Jan,4.5
91,2005,Jan,5.2
92,2006,Jan,7.0
93,2007,Jan,6.0
94,2008,Jan,5.1
95,2009,Jan,4.5
96,2010,Jan,5.5
97,2011,Jan,4.5
98,2012,Jan,4.5
99,2013,Jan,4.7
100,2014,Jan,4.4
101,2015,Jan,6.3
102,2016,Jan,6.0
103,2017,Jan,5.6
104,2018,Jan,6.2
105,1914,Feb,
106,1915,Feb,6.6
107,1916,Feb,0.1
108,1917,Feb,2.8
109,1918,Feb,3.9
110,1919,Feb,2.5
111,1920,Feb,3.8
112,1921,Feb,1.1
113,1922,Feb,3.8
114,1923,Feb,2.7
115,1924,Feb,6.0
116,1925,Feb,4.1
117,1926,Feb,7.5
118,1927,Feb,5.0
119,1928,Feb,5.0
120,1929,Feb,5.8
121,1930,Feb,4.1
122,1931,Feb,5.4
123,1932,Feb,4.4
124,1933,Feb,
125,1934,Feb,
126,1935,Feb,5.1
127,1936,Feb,4.2
128,1937,Feb,5.4
129,1938,Feb,5.5
130,1939,Feb,3.3
131,1940,Feb,6.1
132,1941,Feb,6.8
133,1942,Feb,6.6
134,1943,Feb,4.9
135,1944,Feb,6.5
136,1945,Feb,6.1
137,1946,Feb,5.9
138,1947,Feb,4.6
139,1948,Feb,5.0
140,1949,Feb,4.8
141,1950,Feb,-0.1
142,1951,Feb,3.3
143,1952,Feb,4.2
144,1953,Feb,6.1
145,1954,Feb,4.2
146,1955,Feb,5.2
147,1956,Feb,3.7
148,1957,Feb,4.2
149,1958,Feb,6.5
150,1959,Feb,4.9
151,1960,Feb,4.9
152,1961,Feb,5.7
153,1962,Feb,5.4
154,1963,Feb,4.4
155,1964,Feb,5.8
156,1965,Feb,4.3
157,1966,Feb,5.6
158,1967,Feb,5.4
159,1968,Feb,4.4
160,1969,Feb,4.1
161,1970,Feb,6.6
162,1971,Feb,1.1
163,1972,Feb,4.7
164,1973,Feb,2.2
165,1974,Feb,5.0
166,1975,Feb,2.9
167,1976,Feb,3.0
168,1977,Feb,7.0
169,1978,Feb,4.9
170,1979,Feb,4.8
171,1980,Feb,5.0
172,1981,Feb,5.0
173,1982,Feb,5.3
174,1983,Feb,6.5
175,1984,Feb,
176,1985,Feb,
177,1986,Feb,
178,1987,Feb,6.0
179,1988,Feb,6.0
180,1989,Feb,0.7
181,1990,Feb,4.3
182,1991,Feb,6.2
183,1992,Feb,6.2
184,1993,Feb,6.3
185,1994,Feb,5.5
186,1995,Feb,5.2
187,1996,Feb,2.5
188,1997,Feb,4.9
189,1998,Feb,6.4
190,1999,Feb,5.5
191,2000,Feb,5.7
192,2001,Feb,4.9
193,2002,Feb,5.3
194,2003,Feb,6.7
195,2004,Feb,6.1
196,2005,Feb,6.0
197,2006,Feb,5.8
198,2007,Feb,6.2
199,2008,Feb,5.8
200,2009,Feb,5.1
201,2010,Feb,6.8
202,2011,Feb,4.8
203,2012,Feb,4.8
204,2013,Feb,6.2
205,2014,Feb,3.1
206,2015,Feb,8.0
207,2016,Feb,7.1
208,2017,Feb,4.8
209,2018,Feb,6.0
210,1914,Mar,
211,1915,Mar,7.5
212,1916,Mar,3.5
213,1917,Mar,4.4
214,1918,Mar,4.6
215,1919,Mar,5.0
216,1920,Mar,6.1
217,1921,Mar,6.0
218,1922,Mar,5.8
219,1923,Mar,4.1
220,1924,Mar,7.0
221,1925,Mar,6.3
222,1926,Mar,8.0
223,1927,Mar,6.0
224,1928,Mar,5.9
225,1929,Mar,6.2
226,1930,Mar,5.0
227,1931,Mar,6.5
228,1932,Mar,4.8
229,1933,Mar,
230,1934,Mar,
231,1935,Mar,6.2
232,1936,Mar,6.1
233,1937,Mar,6.2
234,1938,Mar,7.2
235,1939,Mar,5.6
236,1940,Mar,7.2
237,1941,Mar,7.5
238,1942,Mar,7.5
239,1943,Mar,6.4
240,1944,Mar,6.9
241,1945,Mar,6.5
242,1946,Mar,6.6
243,1947,Mar,6.0
244,1948,Mar,6.4
245,1949,Mar,6.3
246,1950,Mar,5.3
247,1951,Mar,3.4
248,1952,Mar,5.7
249,1953,Mar,5.8
250,1954,Mar,6.0
251,1955,Mar,5.5
252,1956,Mar,4.8
253,1957,Mar,5.9
254,1958,Mar,6.9
255,1959,Mar,6.5
256,1960,Mar,5.3
257,1961,Mar,4.8
258,1962,Mar,4.4
259,1963,Mar,6.8
260,1964,Mar,5.6
261,1965,Mar,6.1
262,1966,Mar,5.4
263,1967,Mar,6.6
264,1968,Mar,6.9
265,1969,Mar,4.9
266,1970,Mar,7.2
267,1971,Mar,0.0
268,1972,Mar,4.4
269,1973,Mar,6.1
270,1974,Mar,5.3
271,1975,Mar,5.6
272,1976,Mar,4.2
273,1977,Mar,6.0
274,1978,Mar,7.0
275,1979,Mar,5.9
276,1980,Mar,6.7
277,1981,Mar,8.5
278,1982,Mar,6.7
279,1983,Mar,7.7
280,1984,Mar,
281,1985,Mar,
282,1986,Mar,
283,1987,Mar,5.5
284,1988,Mar,7.0
285,1989,Mar,5.5
286,1990,Mar,6.5
287,1991,Mar,6.1
288,1992,Mar,8.2
289,1993,Mar,6.9
290,1994,Mar,7.3
291,1995,Mar,6.3
292,1996,Mar,5.9
293,1997,Mar,6.1
294,1998,Mar,6.8
295,1999,Mar,5.7
296,2000,Mar,6.3
297,2001,Mar,6.4
298,2002,Mar,5.1
299,2003,Mar,6.4
300,2004,Mar,7.1
301,2005,Mar,6.9
302,2006,Mar,6.7
303,2007,Mar,7.3
304,2008,Mar,6.7
305,2009,Mar,5.2
306,2010,Mar,7.1
307,2011,Mar,5.2
308,2012,Mar,5.2
309,2013,Mar,6.2
310,2014,Mar,3.7
311,2015,Mar,8.0
312,2016,Mar,8.4
313,2017,Mar,7.1
314,2018,Mar,7.1
315,1914,Apr,
316,1915,Apr,9.0
317,1916,Apr,6.5
318,1917,Apr,5.4
319,1918,Apr,6.0
320,1919,Apr,7.2
321,1920,Apr,6.9
322,1921,Apr,7.8
323,1922,Apr,6.5
324,1923,Apr,7.8
325,1924,Apr,8.0
326,1925,Apr,7.5
327,1926,Apr,8.9
328,1927,Apr,6.8
329,1928,Apr,7.9
330,1929,Apr,7.0
331,1930,Apr,8.0
332,1931,Apr,8.6
333,1932,Apr,7.4
334,1933,Apr,
335,1934,Apr,
336,1935,Apr,8.1
337,1936,Apr,6.4
338,1937,Apr,7.2
339,1938,Apr,8.3
340,1939,Apr,7.8
341,1940,Apr,9.4
342,1941,Apr,9.1
343,1942,Apr,9.4
344,1943,Apr,7.9
345,1944,Apr,7.9
346,1945,Apr,7.5
347,1946,Apr,7.8
348,1947,Apr,7.5
349,1948,Apr,6.5
350,1949,Apr,7.3
351,1950,Apr,6.6
352,1951,Apr,7.7
353,1952,Apr,6.6
354,1953,Apr,7.3
355,1954,Apr,5.7
356,1955,Apr,7.1
357,1956,Apr,7.1
358,1957,Apr,7.4
359,1958,Apr,7.4
360,1959,Apr,8.0
361,1960,Apr,7.5
362,1961,Apr,7.8
363,1962,Apr,7.6
364,1963,Apr,7.6
365,1964,Apr,7.4
366,1965,Apr,7.1
367,1966,Apr,
368,1967,Apr,7.6
369,1968,Apr,7.6
370,1969,Apr,5.9
371,1970,Apr,8.0
372,1971,Apr,7.2
373,1972,Apr,6.1
374,1973,Apr,7.0
375,1974,Apr,6.7
376,1975,Apr,6.8
377,1976,Apr,7.0
378,1977,Apr,8.0
379,1978,Apr,8.7
380,1979,Apr,8.2
381,1980,Apr,8.0
382,1981,Apr,9.0
383,1982,Apr,7.0
384,1983,Apr,
385,1984,Apr,
386,1985,Apr,
387,1986,Apr,
388,1987,Apr,8.6
389,1988,Apr,7.0
390,1989,Apr,7.7
391,1990,Apr,9.2
392,1991,Apr,7.7
393,1992,Apr,8.8
394,1993,Apr,8.4
395,1994,Apr,8.2
396,1995,Apr,8.0
397,1996,Apr,7.5
398,1997,Apr,7.7
399,1998,Apr,8.3
400,1999,Apr,6.5
401,2000,Apr,8.7
402,2001,Apr,8.0
403,2002,Apr,7.2
404,2003,Apr,7.7
405,2004,Apr,9.1
406,2005,Apr,7.8
407,2006,Apr,8.2
408,2007,Apr,7.3
409,2008,Apr,6.3
410,2009,Apr,6.7
411,2010,Apr,7.3
412,2011,Apr,7.1
413,2012,Apr,6.5
414,2013,Apr,8.1
415,2014,Apr,7.7
416,2015,Apr,8.9
417,2016,Apr,9.8
418,2017,Apr,7.9
419,2018,Apr,8.2
420,1914,May,
421,1915,May,9.9
422,1916,May,8.0
423,1917,May,8.3
424,1918,May,9.3
425,1919,May,10.0
426,1920,May,10.2
427,1921,May,9.4
428,1922,May,7.5
429,1923,May,10.5
430,1924,May,9.4
431,1925,May,11.0
432,1926,May,9.8
433,1927,May,8.4
434,1928,May,9.1
435,1929,May,
436,1930,May,10.5
437,1931,May,12.7
438,1932,May,10.3
439,1933,May,
440,1934,May,
441,1935,May,9.4
442,1936,May,9.8
443,1937,May,8.0
444,1938,May,10.0
445,1939,May,11.0
446,1940,May,11.0
447,1941,May,10.8
448,1942,May,10.5
449,1943,May,9.7
450,1944,May,10.5
451,1945,May,10.0
452,1946,May,10.2
453,1947,May,9.4
454,1948,May,9.3
455,1949,May,8.5
456,1950,May,8.4
457,1951,May,10.1
458,1952,May,7.8
459,1953,May,9.6
460,1954,May,8.8
461,1955,May,9.7
462,1956,May,10.8
463,1957,May,10.9
464,1958,May,11.0
465,1959,May,9.3
466,1960,May,10.1
467,1961,May,9.1
468,1962,May,8.6
469,1963,May,9.5
470,1964,May,8.8
471,1965,May,8.6
472,1966,May,
473,1967,May,9.8
474,1968,May,9.9
475,1969,May,9.4
476,1970,May,9.4
477,1971,May,8.6
478,1972,May,8.4
479,1973,May,8.9
480,1974,May,10.0
481,1975,May,9.4
482,1976,May,8.6
483,1977,May,9.5
484,1978,May,10.1
485,1979,May,11.0
486,1980,May,10.6
487,1981,May,
488,1982,May,9.0
489,1983,May,
490,1984,May,
491,1985,May,
492,1986,May,
493,1987,May,9.4
494,1988,May,8.7
495,1989,May,11.0
496,1990,May,11.2
497,1991,May,9.8
498,1992,May,11.2
499,1993,May,9.5
500,1994,May,10.9
501,1995,May,10.7
502,1996,May,9.6
503,1997,May,9.3
504,1998,May,10.4
505,1999,May,9.2
506,2000,May,9.4
507,2001,May,9.4
508,2002,May,9.4
509,2003,May,10.6
510,2004,May,12.0
511,2005,May,10.5
512,2006,May,9.4
513,2007,May,10.0
514,2008,May,9.7
515,2009,May,9.3
516,2010,May,9.7
517,2011,May,8.5
518,2012,May,9.6
519,2013,May,10.3
520,2014,May,10.1
521,2015,May,11.0
522,2016,May,13.0
523,2017,May,10.5
524,2018,May,
525,1914,Jun,
526,1915,Jun,12.5
527,1916,Jun,12.0
528,1917,Jun,11.0
529,1918,Jun,11.2
530,1919,Jun,12.2
531,1920,Jun,11.9
532,1921,Jun,12.4
533,1922,Jun,13.3
534,1923,Jun,12.5
535,1924,Jun,14.5
536,1925,Jun,14.0
537,1926,Jun,13.2
538,1927,Jun,13.5
539,1928,Jun,14.0
540,1929,Jun,11.0
541,1930,Jun,12.0
542,1931,Jun,14.0
543,1932,Jun,13.8
544,1933,Jun,
545,1934,Jun,15.5
546,1935,Jun,14.0
547,1936,Jun,12.3
548,1937,Jun,12.7
549,1938,Jun,12.3
550,1939,Jun,12.9
551,1940,Jun,13.6
552,1941,Jun,13.6
553,1942,Jun,12.5
554,1943,Jun,12.0
555,1944,Jun,13.5
556,1945,Jun,14.4
557,1946,Jun,13.1
558,1947,Jun,13.6
559,1948,Jun,14.7
560,1949,Jun,11.7
561,1950,Jun,11.1
562,1951,Jun,13.4
563,1952,Jun,11.1
564,1953,Jun,10.0
565,1954,Jun,10.9
566,1955,Jun,12.2
567,1956,Jun,9.9
568,1957,Jun,12.4
569,1958,Jun,15.7
570,1959,Jun,11.9
571,1960,Jun,12.1
572,1961,Jun,12.8
573,1962,Jun,12.1
574,1963,Jun,13.1
575,1964,Jun,11.4
576,1965,Jun,13.3
577,1966,Jun,11.8
578,1967,Jun,14.5
579,1968,Jun,10.4
580,1969,Jun,14.6
581,1970,Jun,12.2
582,1971,Jun,11.1
583,1972,Jun,13.1
584,1973,Jun,11.7
585,1974,Jun,11.1
586,1975,Jun,10.7
587,1976,Jun,9.3
588,1977,Jun,12.0
589,1978,Jun,12.4
590,1979,Jun,14.0
591,1980,Jun,12.6
592,1981,Jun,12.0
593,1982,Jun,12.6
594,1983,Jun,
595,1984,Jun,
596,1985,Jun,
597,1986,Jun,
598,1987,Jun,10.5
599,1988,Jun,10.7
600,1989,Jun,12.7
601,1990,Jun,12.3
602,1991,Jun,11.3
603,1992,Jun,14.3
604,1993,Jun,12.5
605,1994,Jun,11.9
606,1995,Jun,11.0
607,1996,Jun,12.5
608,1997,Jun,11.8
609,1998,Jun,13.5
610,1999,Jun,12.2
611,2000,Jun,11.5
612,2001,Jun,12.4
613,2002,Jun,11.4
614,2003,Jun,11.7
615,2004,Jun,13.4
616,2005,Jun,14.0
617,2006,Jun,12.4
618,2007,Jun,13.4
619,2008,Jun,
620,2009,Jun,13.3
621,2010,Jun,9.9
622,2011,Jun,13.1
623,2012,Jun,11.1
624,2013,Jun,12.8
625,2014,Jun,12.0
626,2015,Jun,15.5
627,2016,Jun,14.2
628,2017,Jun,12.4
629,2018,Jun,
630,1914,Jul,
631,1915,Jul,14.7
632,1916,Jul,13.1
633,1917,Jul,13.7
634,1918,Jul,13.1
635,1919,Jul,15.3
636,1920,Jul,14.7
637,1921,Jul,14.0
638,1922,Jul,14.9
639,1923,Jul,15.8
640,1924,Jul,14.0
641,1925,Jul,16.1
642,1926,Jul,14.0
643,1927,Jul,14.5
644,1928,Jul,16.1
645,1929,Jul,15.0
646,1930,Jul,14.2
647,1931,Jul,14.7
648,1932,Jul,14.0
649,1933,Jul,
650,1934,Jul,14.5
651,1935,Jul,14.6
652,1936,Jul,14.1
653,1937,Jul,17.0
654,1938,Jul,14.9
655,1939,Jul,13.9
656,1940,Jul,15.5
657,1941,Jul,15.1
658,1942,Jul,15.8
659,1943,Jul,14.2
660,1944,Jul,14.0
661,1945,Jul,15.5
662,1946,Jul,13.7
663,1947,Jul,14.2
664,1948,Jul,13.9
665,1949,Jul,13.6
666,1950,Jul,16.4
667,1951,Jul,12.7
668,1952,Jul,13.5
669,1953,Jul,13.4
670,1954,Jul,13.3
671,1955,Jul,14.0
672,1956,Jul,15.0
673,1957,Jul,11.9
674,1958,Jul,17.6
675,1959,Jul,13.2
676,1960,Jul,14.4
677,1961,Jul,14.4
678,1962,Jul,13.6
679,1963,Jul,13.5
680,1964,Jul,13.1
681,1965,Jul,15.1
682,1966,Jul,13.2
683,1967,Jul,16.5
684,1968,Jul,13.3
685,1969,Jul,14.7
686,1970,Jul,13.3
687,1971,Jul,11.7
688,1972,Jul,11.4
689,1973,Jul,13.6
690,1974,Jul,12.8
691,1975,Jul,16.1
692,1976,Jul,14.0
693,1977,Jul,14.5
694,1978,Jul,14.8
695,1979,Jul,12.0
696,1980,Jul,13.2
697,1981,Jul,15.0
698,1982,Jul,14.9
699,1983,Jul,
700,1984,Jul,
701,1985,Jul,
702,1986,Jul,
703,1987,Jul,13.5
704,1988,Jul,13.6
705,1989,Jul,13.5
706,1990,Jul,15.6
707,1991,Jul,13.4
708,1992,Jul,13.6
709,1993,Jul,12.5
710,1994,Jul,15.3
711,1995,Jul,15.3
712,1996,Jul,14.9
713,1997,Jul,12.9
714,1998,Jul,12.8
715,1999,Jul,13.0
716,2000,Jul,13.2
717,2001,Jul,15.4
718,2002,Jul,14.5
719,2003,Jul,12.3
720,2004,Jul,15.8
721,2005,Jul,13.1
722,2006,Jul,13.5
723,2007,Jul,13.1
724,2008,Jul,12.9
725,2009,Jul,13.0
726,2010,Jul,14.3
727,2011,Jul,13.9
728,2012,Jul,14.2
729,2013,Jul,17.0
730,2014,Jul,15.9
731,2015,Jul,13.8
732,2016,Jul,14.6
733,2017,Jul,15.3
734,2018,Jul,
735,1914,Aug,
736,1915,Aug,15.8
737,1916,Aug,14.0
738,1917,Aug,12.2
739,1918,Aug,14.5
740,1919,Aug,14.5
741,1920,Aug,14.5
742,1921,Aug,13.2
743,1922,Aug,12.0
744,1923,Aug,16.8
745,1924,Aug,14.0
746,1925,Aug,11.4
747,1926,Aug,14.2
748,1927,Aug,14.5
749,1928,Aug,16.4
750,1929,Aug,13.1
751,1930,Aug,15.0
752,1931,Aug,16.6
753,1932,Aug,16.4
754,1933,Aug,
755,1934,Aug,14.3
756,1935,Aug,16.6
757,1936,Aug,16.1
758,1937,Aug,13.6
759,1938,Aug,13.9
760,1939,Aug,13.3
761,1940,Aug,14.8
762,1941,Aug,14.8
763,1942,Aug,16.1
764,1943,Aug,14.0
765,1944,Aug,15.7
766,1945,Aug,15.9
767,1946,Aug,12.4
768,1947,Aug,14.0
769,1948,Aug,14.3
770,1949,Aug,12.4
771,1950,Aug,12.3
772,1951,Aug,14.3
773,1952,Aug,12.7
774,1953,Aug,11.7
775,1954,Aug,13.5
776,1955,Aug,15.2
777,1956,Aug,14.8
778,1957,Aug,14.9
779,1958,Aug,12.9
780,1959,Aug,14.2
781,1960,Aug,12.4
782,1961,Aug,13.0
783,1962,Aug,13.3
784,1963,Aug,14.0
785,1964,Aug,13.6
786,1965,Aug,15.2
787,1966,Aug,12.9
788,1967,Aug,17.0
789,1968,Aug,12.8
790,1969,Aug,11.2
791,1970,Aug,14.7
792,1971,Aug,13.4
793,1972,Aug,16.4
794,1973,Aug,14.4
795,1974,Aug,11.8
796,1975,Aug,13.1
797,1976,Aug,13.7
798,1977,Aug,12.5
799,1978,Aug,13.4
800,1979,Aug,14.5
801,1980,Aug,14.0
802,1981,Aug,13.4
803,1982,Aug,14.6
804,1983,Aug,
805,1984,Aug,
806,1985,Aug,
807,1986,Aug,
808,1987,Aug,15.5
809,1988,Aug,11.5
810,1989,Aug,15.4
811,1990,Aug,14.8
812,1991,Aug,11.5
813,1992,Aug,13.7
814,1993,Aug,13.2
815,1994,Aug,14.6
816,1995,Aug,13.1
817,1996,Aug,14.5
818,1997,Aug,12.4
819,1998,Aug,16.9
820,1999,Aug,14.9
821,2000,Aug,11.4
822,2001,Aug,11.7
823,2002,Aug,14.8
824,2003,Aug,16.4
825,2004,Aug,13.7
826,2005,Aug,13.9
827,2006,Aug,15.2
828,2007,Aug,15.3
829,2008,Aug,12.5
830,2009,Aug,12.8
831,2010,Aug,15.9
832,2011,Aug,15.4
833,2012,Aug,13.8
834,2013,Aug,14.0
835,2014,Aug,16.8
836,2015,Aug,13.4
837,2016,Aug,14.6
838,2017,Aug,15.3
839,2018,Aug,
840,1914,Sep,11.1
841,1915,Sep,14.0
842,1916,Sep,11.4
843,1917,Sep,10.0
844,1918,Sep,13.8
845,1919,Sep,12.1
846,1920,Sep,11.3
847,1921,Sep,10.2
848,1922,Sep,10.3
849,1923,Sep,13.1
850,1924,Sep,12.5
851,1925,Sep,13.1
852,1926,Sep,12.2
853,1927,Sep,12.0
854,1928,Sep,9.8
855,1929,Sep,13.1
856,1930,Sep,11.4
857,1931,Sep,11.0
858,1932,Sep,
859,1933,Sep,
860,1934,Sep,11.3
861,1935,Sep,11.2
862,1936,Sep,13.5
863,1937,Sep,12.8
864,1938,Sep,12.9
865,1939,Sep,13.3
866,1940,Sep,13.8
867,1941,Sep,13.2
868,1942,Sep,13.0
869,1943,Sep,11.4
870,1944,Sep,8.4
871,1945,Sep,12.6
872,1946,Sep,12.1
873,1947,Sep,10.4
874,1948,Sep,9.9
875,1949,Sep,11.7
876,1950,Sep,10.3
877,1951,Sep,11.6
878,1952,Sep,10.2
879,1953,Sep,10.6
880,1954,Sep,12.9
881,1955,Sep,10.8
882,1956,Sep,9.8
883,1957,Sep,13.7
884,1958,Sep,10.9
885,1959,Sep,10.4
886,1960,Sep,10.7
887,1961,Sep,11.2
888,1962,Sep,11.1
889,1963,Sep,12.0
890,1964,Sep,11.5
891,1965,Sep,13.4
892,1966,Sep,11.2
893,1967,Sep,11.7
894,1968,Sep,11.3
895,1969,Sep,11.1
896,1970,Sep,11.2
897,1971,Sep,12.2
898,1972,Sep,9.7
899,1973,Sep,11.4
900,1974,Sep,13.9
901,1975,Sep,14.0
902,1976,Sep,13.0
903,1977,Sep,12.0
904,1978,Sep,11.3
905,1979,Sep,12.0
906,1980,Sep,12.4
907,1981,Sep,11.2
908,1982,Sep,12.0
909,1983,Sep,
910,1984,Sep,
911,1985,Sep,
912,1986,Sep,
913,1987,Sep,11.8
914,1988,Sep,11.4
915,1989,Sep,14.2
916,1990,Sep,14.2
917,1991,Sep,13.2
918,1992,Sep,11.8
919,1993,Sep,14.7
920,1994,Sep,12.2
921,1995,Sep,11.3
922,1996,Sep,11.5
923,1997,Sep,11.7
924,1998,Sep,14.8
925,1999,Sep,11.5
926,2000,Sep,12.1
927,2001,Sep,11.7
928,2002,Sep,13.7
929,2003,Sep,13.1
930,2004,Sep,13.1
931,2005,Sep,10.9
932,2006,Sep,13.9
933,2007,Sep,12.6
934,2008,Sep,12.1
935,2009,Sep,11.4
936,2010,Sep,12.2
937,2011,Sep,10.1
938,2012,Sep,12.5
939,2013,Sep,11.0
940,2014,Sep,11.7
941,2015,Sep,11.6
942,2016,Sep,12.6
943,2017,Sep,13.1
944,2018,Sep,
945,1914,Oct,10.0
946,1915,Oct,8.2
947,1916,Oct,7.6
948,1917,Oct,8.6
949,1918,Oct,9.1
950,1919,Oct,9.2
951,1920,Oct,8.0
952,1921,Oct,8.0
953,1922,Oct,7.7
954,1923,Oct,10.0
955,1924,Oct,7.0
956,1925,Oct,9.4
957,1926,Oct,9.7
958,1927,Oct,9.4
959,1928,Oct,10.0
960,1929,Oct,10.0
961,1930,Oct,8.5
962,1931,Oct,7.8
963,1932,Oct,
964,1933,Oct,
965,1934,Oct,9.4
966,1935,Oct,8.6
967,1936,Oct,10.5
968,1937,Oct,10.6
969,1938,Oct,9.7
970,1939,Oct,8.0
971,1940,Oct,10.6
972,1941,Oct,10.6
973,1942,Oct,10.4
974,1943,Oct,9.7
975,1944,Oct,10.7
976,1945,Oct,9.4
977,1946,Oct,9.0
978,1947,Oct,9.6
979,1948,Oct,9.7
980,1949,Oct,9.5
981,1950,Oct,8.2
982,1951,Oct,9.2
983,1952,Oct,9.8
984,1953,Oct,10.3
985,1954,Oct,9.8
986,1955,Oct,8.6
987,1956,Oct,7.3
988,1957,Oct,10.0
989,1958,Oct,10.1
990,1959,Oct,10.1
991,1960,Oct,9.3
992,1961,Oct,8.5
993,1962,Oct,9.9
994,1963,Oct,9.1
995,1964,Oct,10.3
996,1965,Oct,10.0
997,1966,Oct,9.5
998,1967,Oct,10.0
999,1968,Oct,8.9
1000,1969,Oct,9.8
1001,1970,Oct,7.6
1002,1971,Oct,5.8
1003,1972,Oct,8.8
1004,1973,Oct,9.2
1005,1974,Oct,10.0
1006,1975,Oct,8.0
1007,1976,Oct,10.0
1008,1977,Oct,9.0
1009,1978,Oct,10.2
1010,1979,Oct,9.2
1011,1980,Oct,10.0
1012,1981,Oct,10.5
1013,1982,Oct,9.5
1014,1983,Oct,
1015,1984,Oct,
1016,1985,Oct,
1017,1986,Oct,
1018,1987,Oct,10.4
1019,1988,Oct,10.5
1020,1989,Oct,9.5
1021,1990,Oct,9.3
1022,1991,Oct,9.9
1023,1992,Oct,10.3
1024,1993,Oct,10.6
1025,1994,Oct,10.0
1026,1995,Oct,9.5
1027,1996,Oct,8.2
1028,1997,Oct,10.4
1029,1998,Oct,10.1
1030,1999,Oct,9.3
1031,2000,Oct,9.1
1032,2001,Oct,9.0
1033,2002,Oct,10.2
1034,2003,Oct,10.2
1035,2004,Oct,10.2
1036,2005,Oct,9.7
1037,2006,Oct,9.9
1038,2007,Oct,9.8
1039,2008,Oct,9.9
1040,2009,Oct,9.2
1041,2010,Oct,9.3
1042,2011,Oct,9.1
1043,2012,Oct,8.8
1044,2013,Oct,9.5
1045,2014,Oct,10.6
1046,2015,Oct,11.3
1047,2016,Oct,10.8
1048,2017,Oct,10.2
1049,2018,Oct,
1050,1914,Nov,7.3
1051,1915,Nov,4.4
1052,1916,Nov,5.4
1053,1917,Nov,7.0
1054,1918,Nov,6.7
1055,1919,Nov,6.1
1056,1920,Nov,7.5
1057,1921,Nov,4.4
1058,1922,Nov,6.2
1059,1923,Nov,7.8
1060,1924,Nov,6.0
1061,1925,Nov,7.0
1062,1926,Nov,8.6
1063,1927,Nov,5.9
1064,1928,Nov,8.0
1065,1929,Nov,8.0
1066,1930,Nov,5.0
1067,1931,Nov,6.3
1068,1932,Nov,
1069,1933,Nov,
1070,1934,Nov,8.6
1071,1935,Nov,7.2
1072,1936,Nov,8.2
1073,1937,Nov,5.7
1074,1938,Nov,7.2
1075,1939,Nov,4.9
1076,1940,Nov,6.9
1077,1941,Nov,8.5
1078,1942,Nov,6.9
1079,1943,Nov,8.9
1080,1944,Nov,8.0
1081,1945,Nov,7.0
1082,1946,Nov,7.0
1083,1947,Nov,7.1
1084,1948,Nov,6.9
1085,1949,Nov,8.6
1086,1950,Nov,6.2
1087,1951,Nov,6.7
1088,1952,Nov,7.2
1089,1953,Nov,7.9
1090,1954,Nov,7.8
1091,1955,Nov,4.8
1092,1956,Nov,6.1
1093,1957,Nov,7.2
1094,1958,Nov,6.8
1095,1959,Nov,7.4
1096,1960,Nov,6.8
1097,1961,Nov,7.3
1098,1962,Nov,6.6
1099,1963,Nov,6.9
1100,1964,Nov,6.9
1101,1965,Nov,7.6
1102,1966,Nov,7.7
1103,1967,Nov,8.1
1104,1968,Nov,7.5
1105,1969,Nov,6.8
1106,1970,Nov,4.6
1107,1971,Nov,7.2
1108,1972,Nov,7.2
1109,1973,Nov,5.8
1110,1974,Nov,6.1
1111,1975,Nov,6.0
1112,1976,Nov,7.0
1113,1977,Nov,6.5
1114,1978,Nov,7.8
1115,1979,Nov,7.2
1116,1980,Nov,7.5
1117,1981,Nov,8.0
1118,1982,Nov,7.3
1119,1983,Nov,
1120,1984,Nov,
1121,1985,Nov,
1122,1986,Nov,
1123,1987,Nov,7.6
1124,1988,Nov,7.4
1125,1989,Nov,8.2
1126,1990,Nov,7.3
1127,1991,Nov,7.3
1128,1992,Nov,7.4
1129,1993,Nov,7.8
1130,1994,Nov,7.2
1131,1995,Nov,7.3
1132,1996,Nov,6.0
1133,1997,Nov,7.1
1134,1998,Nov,7.8
1135,1999,Nov,7.3
1136,2000,Nov,7.2
1137,2001,Nov,7.8
1138,2002,Nov,8.1
1139,2003,Nov,6.6
1140,2004,Nov,8.0
1141,2005,Nov,7.8
1142,2006,Nov,6.2
1143,2007,Nov,7.6
1144,2008,Nov,8.1
1145,2009,Nov,7.9
1146,2010,Nov,6.7
1147,2011,Nov,6.7
1148,2012,Nov,5.9
1149,2013,Nov,7.6
1150,2014,Nov,7.1
1151,2015,Nov,8.1
1152,2016,Nov,8.2
1153,2017,Nov,8.8
1154,2018,Nov,
1155,1914,Dec,6.3
1156,1915,Dec,4.1
1157,1916,Dec,3.5
1158,1917,Dec,4.9
1159,1918,Dec,5.0
1160,1919,Dec,4.1
1161,1920,Dec,5.4
1162,1921,Dec,0.4
1163,1922,Dec,5.0
1164,1923,Dec,5.0
1165,1924,Dec,4.1
1166,1925,Dec,7.5
1167,1926,Dec,4.4
1168,1927,Dec,3.8
1169,1928,Dec,6.5
1170,1929,Dec,7.0
1171,1930,Dec,5.0
1172,1931,Dec,5.4
1173,1932,Dec,
1174,1933,Dec,
1175,1934,Dec,5.4
1176,1935,Dec,6.7
1177,1936,Dec,5.4
1178,1937,Dec,5.3
1179,1938,Dec,5.9
1180,1939,Dec,6.4
1181,1940,Dec,6.7
1182,1941,Dec,6.2
1183,1942,Dec,5.8
1184,1943,Dec,6.7
1185,1944,Dec,6.6
1186,1945,Dec,6.0
1187,1946,Dec,5.1
1188,1947,Dec,6.3
1189,1948,Dec,4.7
1190,1949,Dec,4.2
1191,1950,Dec,5.9
1192,1951,Dec,5.0
1193,1952,Dec,5.3
1194,1953,Dec,5.9
1195,1954,Dec,5.7
1196,1955,Dec,3.0
1197,1956,Dec,5.4
1198,1957,Dec,6.1
1199,1958,Dec,5.9
1200,1959,Dec,6.1
1201,1960,Dec,6.1
1202,1961,Dec,4.2
1203,1962,Dec,6.1
1204,1963,Dec,6.1
1205,1964,Dec,3.9
1206,1965,Dec,4.7
1207,1966,Dec,5.8
1208,1967,Dec,5.5
1209,1968,Dec,1.9
1210,1969,Dec,6.9
1211,1970,Dec,1.9
1212,1971,Dec,4.4
1213,1972,Dec,5.3
1214,1973,Dec,4.4
1215,1974,Dec,5.6
1216,1975,Dec,4.0
1217,1976,Dec,6.0
1218,1977,Dec,4.1
1219,1978,Dec,6.0
1220,1979,Dec,6.5
1221,1980,Dec,5.6
1222,1981,Dec,6.1
1223,1982,Dec,6.5
1224,1983,Dec,
1225,1984,Dec,
1226,1985,Dec,
1227,1986,Dec,
1228,1987,Dec,6.3
1229,1988,Dec,5.6
1230,1989,Dec,6.7
1231,1990,Dec,2.6
1232,1991,Dec,6.4
1233,1992,Dec,4.6
1234,1993,Dec,6.6
1235,1994,Dec,4.7
1236,1995,Dec,4.2
1237,1996,Dec,2.0
1238,1997,Dec,6.0
1239,1998,Dec,2.0
1240,1999,Dec,5.8
1241,2000,Dec,5.7
1242,2001,Dec,5.2
1243,2002,Dec,6.1
1244,2003,Dec,6.3
1245,2004,Dec,6.5
1246,2005,Dec,6.2
1247,2006,Dec,5.9
1248,2007,Dec,6.5
1249,2008,Dec,5.9
1250,2009,Dec,5.3
1251,2010,Dec,4.5
1252,2011,Dec,5.8
1253,2012,Dec,6.0
1254,2013,Dec,5.5
1255,2014,Dec,7.1
1256,2015,Dec,6.8
1257,2016,Dec,5.5
1258,2017,Dec,6.9
1259,2018,Dec,
